Age,Gender,AnnualIncomeinr,NumberOfPurchases,ProductCategory,TimeSpentOnWebsite,LoyaltyProgram,DiscountsAvailed,PurchaseStatus
40,1,5550796,8,0,30.57,0,5,1
20,1,1979522,4,2,38.24,0,5,0
27,1,10730599,11,2,31.63,1,0,1
24,1,11568194,19,3,46.17,0,4,1
31,1,8336316,19,1,19.82,0,0,1
66,1,3169794,14,4,17.83,0,2,0
39,1,10651860,16,3,42.09,1,4,1
64,1,3333433,13,2,17.19,1,0,0
43,0,8629833,20,1,6.02,0,3,0
20,1,5360621,16,0,38.57,0,5,1
66,1,5557489,11,1,1.42,1,5,1
70,1,7014586,11,2,42.17,0,4,1
54,0,9609524,9,2,17.63,1,5,1
64,1,2676401,17,0,22.75,1,1,0
19,1,9023421,7,1,28.26,1,4,1
70,1,5628814,2,4,21.9,0,0,0
51,1,10844175,13,4,21.81,0,0,1
18,1,10777039,0,2,16.77,0,4,0
57,0,6022631,12,2,40.7,0,2,0
20,0,10199842,12,3,21.24,1,0,1
59,0,7787894,3,2,1.04,0,5,0
19,0,9817566,17,3,5.95,0,5,1
46,1,11186890,7,2,41.69,0,2,0
22,1,4751382,16,4,14.83,1,1,1
31,0,6557941,13,0,30.35,0,1,1
62,0,9085665,18,3,10.39,0,2,0
67,1,8584101,14,1,44.5,0,5,1
66,0,8216673,17,1,54.59,0,2,1
67,1,1997344,15,4,28.65,1,5,0
48,1,11646157,9,0,13.72,0,2,0
52,1,3575347,1,1,3.63,1,5,0
63,0,6717939,11,2,44.97,0,0,0
36,0,12168352,12,1,26.15,0,4,1
37,0,8549678,16,3,17.34,0,1,0
25,0,11702247,1,0,1.65,0,2,0
40,1,9017898,15,2,28.88,0,5,1
53,1,7813181,12,3,44.39,1,0,1
30,0,4378349,15,1,18.97,0,2,0
66,0,10410575,7,4,52.24,0,0,0
43,0,4033486,5,2,29.54,1,0,0
43,1,3635306,13,3,2.76,0,5,0
68,0,5446255,9,1,42.15,0,4,1
59,0,10395767,7,2,49.28,0,1,0
45,1,8393197,15,2,40.63,1,0,1
50,1,4812680,20,1,30.66,1,3,1
61,1,9613734,12,1,30.98,0,0,0
62,0,5702886,11,4,58.26,0,5,1
53,1,5692542,17,0,32.1,0,5,1
18,1,10910964,14,1,15.88,0,4,1
47,1,8748956,13,1,56.85,1,4,1
52,0,3402840,1,1,54.29,0,2,0
25,0,2456660,2,3,13.28,0,4,0
18,1,3237997,5,3,23.85,0,5,0
40,0,2830087,16,4,11.79,1,4,0
22,0,2720140,10,0,42.62,0,3,1
35,0,6728410,12,2,40.97,0,0,1
32,1,7590895,15,3,58.76,0,0,1
42,1,9073358,9,1,21.04,0,3,0
47,1,6319728,8,2,51.85,0,4,1
31,0,8009799,12,0,57.81,1,2,1
33,1,2204407,19,3,12.92,0,5,0
23,0,9919150,16,2,1.4,0,2,0
52,1,9741055,0,4,21.42,1,3,1
66,1,9984073,16,1,41.05,0,2,0
55,0,4762021,15,0,54.99,0,4,1
59,1,6475611,6,3,54.92,0,3,1
62,1,5229108,8,0,11.6,0,0,0
40,1,10438019,10,2,6.46,0,0,0
57,1,4761832,1,3,7.74,1,1,0
45,1,8513408,19,4,25.43,1,2,0
33,1,4519641,16,4,18.61,1,4,1
70,0,10025752,4,3,45.36,0,5,0
43,0,7270682,14,4,40.27,0,2,0
42,1,2104583,15,1,1.8,0,1,0
43,1,5608411,20,4,55.59,1,0,1
65,0,3041232,12,4,30.71,1,1,0
68,1,9959905,13,2,11.48,0,5,0
40,1,9943905,9,3,43.46,1,5,1
64,1,9910488,11,3,56.21,0,3,1
24,1,1917170,17,2,18.84,0,4,0
22,1,7258805,20,2,53.63,0,3,1
40,0,8266795,20,0,53.05,0,2,0
25,0,3724320,4,3,7.01,1,1,0
68,0,3505061,19,3,14.81,0,3,0
68,0,4676980,15,3,22.18,0,5,0
43,0,2790034,20,1,51.35,0,4,0
23,1,3286592,2,1,26.43,0,4,0
26,1,9036121,1,2,14.38,0,0,0
35,1,5886284,4,4,40.45,1,2,1
70,0,7204135,19,0,13.08,1,0,0
31,1,5692832,6,3,49.31,0,1,1
43,0,9976423,3,1,8.37,1,0,0
43,1,5875364,19,2,55.47,1,4,1
27,1,8727183,2,0,32.59,0,1,0
36,1,12129560,19,2,31.01,0,4,0
31,1,9731739,2,1,35.62,0,1,0
58,1,9371610,8,1,44.24,0,5,1
47,1,4137996,13,4,1.29,0,4,0
29,0,5416306,6,3,54.12,0,1,1
44,0,9601982,16,0,5.62,1,5,1
54,1,7631571,3,1,51.63,1,0,0
24,0,8234205,19,0,4.64,0,0,0
54,0,2377533,3,1,47.32,1,4,1
55,0,2511037,15,2,34.02,0,5,0
29,0,12535960,20,4,3.56,0,3,1
23,0,11978087,12,2,25.5,0,2,0
25,1,5469008,6,1,38.49,0,4,1
54,1,9519847,11,0,29.65,0,1,0
18,1,2242887,6,3,29.22,0,0,0
34,1,12193005,10,2,28.63,0,2,0
62,1,7848732,0,0,26.36,0,3,0
70,1,4964466,5,3,18.86,0,0,1
58,1,7587652,5,3,41.27,0,2,0
36,0,2503882,5,0,42.94,0,4,1
23,1,1680470,5,3,23.93,0,5,0
52,0,1907583,18,2,50.15,0,3,0
33,0,8093621,14,1,21.26,0,0,0
47,0,3615369,7,0,17.23,1,2,0
40,1,3036295,20,0,49.71,0,2,0
52,0,5867961,12,1,43.32,0,4,1
57,1,9449565,8,0,18.06,1,0,0
64,1,11103326,13,3,35.31,0,1,0
43,0,3853136,1,4,24.8,0,2,0
41,0,5915246,11,2,40.98,1,1,1
65,1,2227142,18,3,6.59,0,4,0
68,1,2519115,19,3,9.67,1,5,0
19,1,2064370,1,3,14.97,0,5,0
38,0,9732261,20,3,44.23,0,5,1
53,1,2519976,14,3,35.35,0,4,0
64,0,9446387,9,4,16.4,1,4,1
70,1,7238578,13,0,56.32,0,2,0
21,1,3076973,16,4,44.28,1,2,1
58,1,12052621,20,1,53.44,0,4,1
56,0,8026535,5,4,35.65,0,1,0
32,0,7466452,18,1,31.73,1,1,1
18,1,2933321,4,1,51.12,0,1,0
22,0,3146158,2,1,13.29,0,3,0
64,0,10959273,18,2,40.65,0,3,1
68,0,1839356,10,1,27.69,1,1,0
39,0,10596728,19,2,20.84,0,3,1
44,1,10232563,18,2,23.25,0,2,0
70,1,7257208,2,1,27.18,1,2,0
50,0,11425740,13,1,55.21,0,2,0
43,1,9634735,12,2,50.41,0,2,0
25,0,6063813,0,2,16.83,1,3,1
60,0,4574637,14,2,18.11,0,4,0
65,1,4659158,20,4,12.78,0,5,0
31,0,4311352,13,4,32.94,0,1,1
52,1,12518889,8,3,47.41,0,2,0
38,1,4745743,9,3,43.55,1,5,1
57,1,6637847,8,4,43.22,0,2,0
55,1,3156187,18,1,42.42,1,4,1
40,1,2629487,20,1,9.33,0,2,0
65,0,4868124,5,0,49.28,0,3,0
46,0,7068240,12,1,13.36,0,3,0
43,0,8482541,14,4,1.6,0,5,0
28,0,9640488,20,1,4.12,0,2,0
49,1,11350498,20,3,6.46,0,0,0
32,1,4901653,15,1,36.44,1,5,1
69,1,10094649,13,4,33.59,0,2,0
40,0,11436698,0,4,4.73,0,3,0
34,1,8568775,16,4,41.12,1,5,1
26,1,9058464,7,2,20.98,0,1,0
68,0,8605485,6,0,52.12,0,1,0
64,0,6127170,1,1,50.16,0,4,0
44,1,7202779,9,0,20.96,0,3,0
18,0,2439029,17,1,35.69,0,3,1
47,0,6152497,9,0,57.59,0,3,1
53,0,4700997,17,2,13.4,1,1,0
50,1,6415670,12,4,15.68,1,4,1
51,0,7140128,12,4,30.48,0,4,1
33,0,6687647,4,4,36.79,1,2,0
53,1,1811280,10,4,59.9,0,1,0
52,0,6658137,3,2,11.41,0,0,0
27,0,12230668,18,4,22.55,0,3,1
40,0,2589885,7,3,35.51,1,4,1
39,0,8295341,3,2,46.3,1,5,1
20,0,6415688,13,4,41.94,1,1,0
69,1,3476523,16,3,37.8,1,5,1
57,0,7286951,7,0,24.03,0,5,0
52,1,2921375,5,1,6.52,1,1,0
31,0,10273917,1,2,42.82,0,4,1
56,1,4086649,17,1,10.11,0,3,0
45,0,8691635,5,3,27.53,0,4,0
53,0,8338692,3,2,54.79,1,0,0
38,1,2564622,0,0,54.25,0,2,1
21,1,6932149,9,0,24.67,0,0,0
37,0,10285549,5,3,21.34,0,5,0
66,0,3449534,3,1,16.38,0,5,0
54,0,8156827,11,2,32.24,1,1,1
36,0,10392124,2,1,54.07,0,5,1
21,0,6182148,3,3,31.36,0,3,1
47,1,4923483,6,0,47.64,0,5,0
24,0,7920128,2,3,40.2,1,2,1
32,0,11309251,7,1,16.71,0,2,0
22,0,12344850,2,0,29.46,0,2,0
50,0,6877490,5,0,33.1,0,4,0
27,0,10114279,19,2,15.74,0,1,0
43,1,12364462,12,0,48.01,0,3,1
22,0,7355874,2,1,24.94,0,2,0
48,0,2970462,10,1,53.04,0,3,0
66,1,11847694,0,1,1.13,0,3,0
41,1,9128743,8,1,37.7,0,0,0
58,1,10246278,17,4,21.25,0,2,0
39,1,8968345,9,0,44.37,0,1,1
68,0,5307260,20,2,55.69,1,4,1
63,0,6193289,7,3,4.54,1,3,1
27,0,4781425,3,1,50.37,0,0,0
66,0,5082005,16,2,55.96,1,0,1
42,0,3591283,17,3,59.99,0,3,0
44,1,10651023,7,4,23.24,0,4,0
70,0,9726146,9,2,19.04,0,3,0
39,1,7111877,9,0,56.51,0,4,1
49,0,9937808,19,4,7.83,1,5,1
38,1,8517317,14,4,57.65,0,3,1
61,0,9159592,13,2,4.43,1,4,1
23,0,8151189,13,4,24.57,1,3,1
43,0,5326710,13,3,3.03,0,1,0
36,0,3710018,17,3,11.5,0,0,0
69,1,10538250,14,1,25.99,1,4,1
29,0,12189957,4,4,47.27,0,4,1
54,1,11945103,15,3,9.59,1,5,1
66,1,10479686,11,3,39.36,0,3,1
42,0,9188958,1,2,5.18,0,4,0
50,0,3154137,13,2,28.35,0,2,0
21,0,6413466,18,2,52.57,1,5,1
35,0,1762641,0,2,15.22,0,4,0
19,1,2422998,19,3,49.68,0,4,1
45,1,11394361,14,2,40.91,1,0,1
40,1,9786437,10,2,5.5,0,4,1
18,1,5121193,0,2,46.84,0,1,0
27,0,8982317,1,4,58.88,0,5,1
23,1,1933853,17,0,53.43,0,2,0
64,1,5222351,2,0,41.94,0,0,0
42,0,6399066,9,4,24.48,0,4,0
38,1,2562113,4,4,59.89,0,3,0
45,1,10868151,1,2,41.45,0,3,0
25,1,5098722,8,4,21.58,0,5,1
32,1,4319321,4,4,32.86,0,4,1
18,1,9984260,1,2,33.43,1,0,1
48,1,12329198,6,0,17.76,0,2,0
20,1,4978514,18,1,6.57,0,4,1
39,1,11797022,13,2,53.38,0,5,1
57,1,6637847,8,4,43.22,0,2,0
28,0,4455303,0,1,18.85,1,2,0
70,0,10655142,12,2,41.18,1,4,1
43,0,7496211,10,4,57.25,1,4,1
70,0,10373582,5,3,31.13,1,0,0
18,1,2098366,15,3,30.34,1,2,1
59,1,7269134,6,1,3.84,0,2,0
38,0,12111420,17,1,34.15,0,4,1
68,0,11315553,3,0,5.46,0,3,1
65,0,5534209,15,3,34.86,1,0,1
50,0,9560110,15,0,32.95,0,5,1
22,0,2517834,1,1,26.43,1,4,0
48,1,10938290,19,3,57.52,1,2,1
52,0,3938014,7,0,30.45,0,3,0
65,0,8471711,17,1,56.92,1,4,1
53,0,4700013,15,3,53.25,0,5,1
51,1,2526426,15,1,40.29,0,1,0
51,1,6582978,9,1,47.99,0,4,1
28,0,4629937,17,1,34.02,1,0,1
37,1,8765379,3,4,5.62,0,5,1
61,0,6883649,1,3,36.99,0,4,0
33,0,2777307,15,2,7.9,1,1,0
61,1,2395961,3,4,40.1,1,0,0
57,0,11412447,9,4,13.19,0,3,0
18,0,7249605,11,1,35.4,1,0,1
25,0,9347194,18,1,44.99,0,2,1
43,1,12387245,17,4,52.53,0,5,1
68,0,11447867,6,2,2.95,0,0,0
43,0,8482541,14,4,1.6,0,5,0
30,0,10922395,16,2,27.18,0,1,0
50,0,3477706,6,0,29.87,1,2,0
56,1,9676430,6,1,57.22,0,3,1
24,1,11986240,19,4,45.55,1,4,1
67,0,9236520,8,3,31.66,0,5,1
50,1,9197150,20,0,1.22,1,3,1
30,1,5424157,12,1,40.71,0,2,1
56,1,7368164,4,1,22.02,0,3,0
60,0,7057878,4,4,23.2,0,2,0
57,1,4849421,9,3,30.35,1,3,1
30,0,4692976,19,1,25.27,0,4,1
35,1,10660634,6,4,44.66,0,3,0
29,1,5706660,16,4,57.4,0,3,1
37,1,10562265,14,4,27.32,0,4,1
22,0,9726983,16,4,37.65,1,2,1
27,0,7618716,20,2,51.67,0,5,0
43,0,12112821,5,4,38.39,0,4,0
29,0,10669436,7,4,55.97,0,3,1
49,0,8153124,0,4,52.05,0,1,0
34,1,4894329,17,3,9.1,1,1,1
29,1,9753944,2,1,56.77,1,3,1
40,0,7347318,15,0,50.81,1,1,1
25,0,3413244,18,3,4.29,0,4,0
51,1,5144983,4,0,15.05,0,0,0
32,0,9529666,5,0,55.14,1,2,1
48,0,3235201,3,4,4.68,0,0,0
36,1,9851316,16,2,12.31,0,3,1
65,1,4659158,20,4,12.78,0,5,0
38,0,5592346,14,1,27.07,0,2,0
42,1,2301667,19,1,52.27,0,0,0
58,0,7199623,18,3,27.51,1,1,0
53,0,2453942,19,1,30.1,0,0,0
50,0,3477706,6,0,29.87,1,2,0
50,0,7562408,11,1,46.92,0,3,1
56,1,4086649,17,1,10.11,0,3,0
29,1,3198123,14,3,49.69,1,4,1
23,0,10645934,15,1,17.18,0,1,0
30,0,3005005,18,0,4.23,0,1,0
40,1,3056990,8,1,48.52,0,5,0
66,0,12062429,14,3,52.59,0,2,0
33,0,6679423,3,0,26.97,0,5,0
42,0,3866879,5,0,9.29,1,0,0
20,0,3731008,9,2,11.46,1,0,0
25,0,3413244,18,3,4.29,0,4,0
67,0,6742115,18,1,32.98,0,5,1
54,0,10133181,15,4,30.11,1,1,1
46,0,3238277,9,3,58.26,0,4,0
42,1,2990882,19,2,54.63,1,0,0
30,1,11033826,1,4,8.41,0,0,0
50,0,6244487,13,1,52.1,0,2,0
21,0,7200772,9,2,44.51,0,1,1
67,0,6198605,0,3,35.37,0,1,0
38,0,11093427,14,0,42.55,0,4,1
64,1,6291364,2,3,49.63,1,2,0
48,1,5610413,0,0,17.92,0,3,0
58,1,11203542,5,3,58.95,0,3,0
46,0,4270230,19,0,59.74,1,0,1
68,0,8774970,8,0,42.27,0,0,0
66,1,9843097,3,4,7.33,0,2,0
56,1,8975468,13,1,58.35,1,0,1
65,1,11066135,0,2,14.02,1,1,0
24,0,3021396,11,1,3.2,0,2,0
20,0,4515473,12,1,36.52,0,3,1
45,1,12199804,16,3,34.37,0,0,0
40,0,6006789,10,3,32.6,0,3,1
49,0,7317988,3,4,11.36,0,0,0
61,1,2829209,6,0,27.85,0,2,0
36,0,3572760,9,1,14.16,0,2,0
56,1,4996119,15,2,11.06,1,3,1
64,1,12241740,1,0,16.28,0,1,0
25,0,6715334,20,3,18.7,0,1,0
29,0,7736920,12,4,3.73,0,5,1
26,1,4831746,7,4,45,0,2,1
66,1,5830501,12,0,40.18,0,1,0
46,0,1679127,4,2,8.37,1,4,0
56,1,2455586,18,4,3.94,0,2,0
44,1,1956724,1,0,7.05,1,1,0
35,1,11278317,6,0,3.19,1,4,1
28,1,10022674,4,1,39.28,1,5,1
36,0,4318908,6,3,3.04,1,2,1
26,1,2250377,17,4,20.85,1,2,0
31,1,6674105,16,1,43.16,0,2,1
41,0,3425942,20,1,47.69,0,1,0
21,0,7331762,4,4,33.49,1,4,1
56,0,1789567,7,1,24.05,0,4,0
39,1,7676291,3,2,56.87,0,1,0
66,1,9368155,2,2,27.3,0,5,0
62,0,11707705,10,2,21.16,0,0,0
41,1,10021724,18,4,33.8,0,3,1
32,0,6695553,6,3,23.9,1,3,1
62,0,11682699,14,3,40.2,1,4,1
46,1,1888455,14,3,56.92,1,1,0
48,1,10260047,19,0,8.17,0,2,0
59,0,10917434,10,4,26.06,0,3,0
45,1,5524644,14,1,22.16,0,5,0
53,1,8050004,2,3,31.54,1,0,0
43,0,12248602,1,2,5.19,0,4,0
41,1,5558673,20,4,4.21,0,0,0
38,1,3329632,16,1,58.4,1,1,1
54,1,1775729,7,3,44.38,0,1,0
49,1,1780841,11,0,18.67,0,3,0
34,1,10195519,17,2,58.38,0,5,1
64,1,1777813,3,3,27.88,0,3,0
60,0,11527924,11,2,10.98,0,5,0
35,0,3316556,18,1,17.74,1,4,1
63,0,9760186,12,4,44.08,0,4,1
41,1,4389654,5,1,6.98,0,4,1
37,0,11173408,14,4,16.16,0,2,0
53,0,11286315,4,2,11.34,0,4,0
37,1,3214655,9,4,49.33,0,0,0
54,1,6808217,6,0,16.52,0,3,0
66,0,7065321,12,1,53.75,0,0,0
37,0,5929611,20,0,27.1,1,4,1
59,0,10917434,10,4,26.06,0,3,0
49,0,4634445,11,0,15.67,1,2,0
43,1,12131839,18,0,46.99,1,1,1
61,1,10487892,13,4,24.03,0,5,0
58,0,8783399,1,1,59.88,0,3,0
37,0,5469731,10,4,28.06,0,1,0
51,1,8098345,3,4,39.82,1,3,1
45,1,6703120,3,1,17.28,0,1,0
42,0,7668969,6,1,29.41,0,3,0
21,0,3890431,0,0,35.05,0,2,0
19,1,8846770,14,3,34.48,0,5,1
41,0,3850701,6,3,48.92,0,5,0
56,0,8390944,13,2,33.19,1,4,1
25,1,2399398,12,2,52.58,1,1,1
39,1,2752841,18,2,1.14,0,1,0
59,0,5476259,11,1,35.3,0,0,0
28,1,2972278,11,0,53.44,0,5,1
46,0,2689868,16,1,51.42,0,2,0
61,1,5453734,15,4,27.22,0,4,0
69,1,10693313,12,1,27.63,0,4,0
60,0,2361381,18,0,10.84,0,2,1
66,1,1964898,2,1,38.3,1,4,0
55,1,8602128,4,3,26.88,1,4,0
50,0,2703311,16,2,32.44,1,3,1
21,1,9685301,10,2,45.43,1,0,1
19,1,10074809,9,0,43.92,0,5,1
43,0,4818080,10,4,41.15,0,0,0
49,0,4508835,20,2,52.8,0,1,0
39,1,2752841,18,2,1.14,0,1,0
44,0,7226993,16,4,28.97,0,3,0
58,1,7977427,18,0,10.15,0,0,0
61,0,11271736,16,1,7.96,0,1,0
40,1,12134935,18,0,38.18,1,4,1
45,1,6703120,3,1,17.28,0,1,0
25,1,9330887,17,4,51.14,1,1,1
52,0,9034916,19,2,48.29,0,1,0
47,1,12339310,5,2,15.02,0,5,0
22,1,4302594,4,1,46.09,0,0,0
52,1,7835022,1,3,53.42,0,2,0
29,0,5227023,19,4,4.27,0,2,0
55,1,4946454,18,2,13.11,1,0,0
68,1,8248091,10,4,40.69,0,5,1
37,0,3701601,14,2,43.92,0,3,1
25,0,9574348,8,0,24.86,0,3,1
68,1,10198424,13,0,4.54,0,0,0
31,1,4903337,8,4,52.85,0,3,1
28,0,7642467,18,3,20.39,0,4,1
43,0,9559321,12,0,16.38,0,2,0
64,1,2676401,17,0,22.75,1,1,0
27,1,6592850,17,4,40.66,0,1,1
68,1,8797049,11,4,44.07,0,0,0
50,0,7792395,20,0,51.33,0,4,1
24,0,9496595,16,4,58.59,0,1,1
23,1,3215653,17,4,55.86,0,5,1
19,1,5775163,14,0,4.17,0,3,1
51,1,2907646,19,3,8.3,1,5,0
70,1,3710394,4,4,16.59,1,4,0
33,1,4952167,16,0,43.99,1,5,1
25,1,7892900,0,2,9.78,1,1,0
28,1,7627151,8,3,14.19,1,0,1
60,0,11730274,11,3,31.35,0,4,1
59,1,10655733,19,4,43.93,1,2,1
68,0,11447867,6,2,2.95,0,0,0
22,0,3146158,2,1,13.29,0,3,0
31,1,11700202,6,0,38.72,1,3,1
45,0,5657994,5,1,18.33,0,3,0
39,1,6344409,12,4,49.09,1,3,1
45,0,12378254,14,0,23.55,0,4,1
46,1,11186890,7,2,41.69,0,2,0
57,0,5735811,15,2,51.61,0,2,0
26,1,2465692,10,3,14.11,0,2,0
44,0,7226993,16,4,28.97,0,3,0
54,0,7621208,19,4,5.2,0,4,0
35,0,4646923,4,0,5.82,0,5,0
33,0,1843910,9,1,38.83,1,2,0
28,0,3144409,1,1,26.31,0,0,0
61,1,9613734,12,1,30.98,0,0,0
65,0,11038007,16,0,40.58,0,0,0
33,0,2777307,15,2,7.9,1,1,0
31,1,4511509,9,4,2.04,0,0,0
63,1,4380744,7,3,1.91,1,0,1
24,0,6483112,7,3,53.57,1,1,1
35,0,9056813,17,2,23.13,0,5,0
18,1,12574466,10,0,38.98,0,5,1
38,1,9876982,12,4,30.69,1,4,1
55,0,1787304,11,4,54.84,1,4,1
44,1,9176785,1,1,45.09,1,1,0
47,0,7142563,7,3,18,0,0,0
24,1,5324654,5,3,46.15,1,3,1
28,0,12326322,6,4,2.28,0,3,1
46,0,7272198,7,1,58.84,1,3,1
48,0,6121957,12,0,57.31,1,1,1
37,1,4880024,9,0,54.21,0,3,1
20,1,6147119,5,4,1.89,0,1,0
62,0,5075472,20,3,43.35,0,1,0
56,1,6133363,2,4,10.88,0,0,1
62,1,10070639,4,3,30.08,0,5,0
49,0,4816213,5,3,1.28,0,4,1
49,0,4371130,9,1,28.01,0,3,0
57,0,7286951,7,0,24.03,0,5,0
51,1,1918151,11,4,49.94,1,3,0
28,1,6100088,17,1,58.93,1,0,1
19,0,9966693,4,0,13.85,1,4,1
68,0,2313771,6,1,7.05,0,0,0
29,0,6484470,4,0,38.94,0,5,1
23,0,3302885,13,4,36.78,0,4,1
25,0,6677337,1,4,4.37,0,2,0
46,1,11414766,1,3,20.39,1,1,0
31,0,6587725,5,2,36.74,1,4,1
29,0,7333053,18,2,45.28,0,3,1
58,0,12503118,10,1,53.99,1,2,1
26,0,4926295,15,2,52.67,0,1,1
68,1,9360544,9,2,38.01,0,2,0
39,1,4677283,16,0,55.67,0,3,1
30,1,3104874,16,0,48.25,0,1,0
45,0,10583837,19,0,31.12,1,1,1
50,1,11587353,10,3,48.38,0,4,1
69,1,4490396,5,3,47.05,0,0,0
64,0,11018089,15,2,43.84,0,0,0
47,0,9470722,9,1,45.23,0,3,1
42,0,3490149,16,3,31.73,0,5,0
61,0,11520380,16,3,57.07,1,5,1
55,1,8668835,10,3,42.44,0,0,0
25,0,4901773,14,4,2.53,1,5,1
42,1,9379411,14,0,36.8,1,0,1
45,1,1953948,19,4,12.84,1,3,0
25,0,12286980,7,3,57.77,0,1,1
55,0,8818335,6,4,38.24,0,5,1
64,1,2474614,6,1,2.94,0,1,0
44,1,11417143,0,3,36.57,0,3,0
49,1,10814048,11,1,54.59,0,0,0
49,1,12200470,14,1,51.43,0,5,1
21,1,10289015,8,1,55.47,0,2,1
68,1,10198424,13,0,4.54,0,0,0
48,0,6603601,14,1,41.66,1,4,1
45,1,1696081,16,0,31.69,0,1,0
36,1,2317996,4,4,18.69,0,2,0
30,1,8865982,15,0,11.67,0,0,0
31,0,9462583,6,2,36.86,0,3,1
32,0,6716207,9,2,41.15,0,2,1
44,0,8320162,11,0,57.9,0,3,1
61,0,10152759,15,2,8.78,0,4,0
56,0,3212925,13,4,42.49,1,2,0
57,0,11606212,15,1,28.81,1,0,0
26,0,4412481,16,1,29.15,1,4,1
57,0,12210695,6,3,25.41,0,1,0
67,1,8290172,19,2,42.2,0,5,1
66,0,7142337,1,0,4.87,0,4,0
36,0,9402276,15,1,51.68,0,0,1
18,0,8496266,14,2,56.89,1,5,1
25,0,5004116,15,1,39.6,0,0,1
48,1,9236953,16,1,45.14,1,5,1
62,1,5229108,8,0,11.6,0,0,0
61,1,6357640,8,4,15.37,1,4,1
57,1,5297531,3,3,17.95,0,3,0
58,0,5260732,7,3,43.18,0,2,0
70,1,5698546,2,0,47.12,0,2,0
37,0,4319817,0,1,34.71,1,3,1
64,1,11189177,13,1,29.49,0,3,0
62,1,8485191,16,0,6.49,1,5,0
68,1,11579673,4,2,40.67,0,3,0
37,0,8564565,18,2,26.84,0,5,1
25,1,11522324,7,1,31.01,1,5,1
48,1,2237066,18,0,1.9,0,4,0
33,1,9172099,4,4,48.75,0,5,1
61,0,7430867,7,4,38.23,0,5,1
55,1,8668835,10,3,42.44,0,0,0
45,0,6018343,19,4,23.58,1,3,0
36,1,8455504,9,1,22.33,0,5,1
34,1,7978271,14,4,7.82,0,3,1
63,1,11435557,4,1,13.57,0,0,0
50,1,1875515,13,4,26.3,1,0,0
39,1,8689020,19,4,47.4,0,5,1
22,0,11114415,6,1,44.13,0,5,1
53,1,3125308,14,2,52.88,0,2,0
19,1,3912776,12,0,31.69,0,3,1
39,1,11485441,3,3,12.53,0,5,0
64,1,3333433,13,2,17.19,1,0,0
66,1,5872040,10,4,30.73,1,4,1
26,1,9058464,7,2,20.98,0,1,0
27,0,2816457,8,1,30.12,1,1,1
52,1,4758649,15,1,54.36,0,4,1
46,1,2994714,0,1,25.49,0,0,0
26,1,10782437,3,4,7.07,0,1,0
19,0,2535228,10,2,56,0,0,0
55,1,5690087,20,1,35.97,0,1,0
21,1,2417499,14,2,59.76,0,5,1
53,1,11393555,3,2,43.74,0,1,0
33,1,10155631,20,1,50.07,0,4,1
19,1,1943017,19,2,26.68,0,5,0
69,0,10603900,2,4,34.83,1,5,1
18,1,6794899,12,3,54.97,0,4,1
49,1,12062357,9,2,58.43,0,0,1
69,1,3288223,6,1,49,1,0,0
18,1,7846059,9,1,24.98,0,5,1
43,1,12204816,13,2,24.58,0,3,0
25,0,12051836,11,4,31.58,1,0,1
57,0,12358138,5,3,41.7,0,1,0
59,1,10844182,2,4,12.35,0,2,0
26,1,9264267,9,0,43.23,0,2,1
57,1,11086595,19,1,31.34,1,0,1
18,0,3587569,12,0,56.14,0,0,0
38,1,11618690,7,3,41.32,1,0,1
54,0,6822393,6,3,35.48,0,0,0
34,0,7099685,16,1,30.05,1,0,1
43,1,3692282,15,2,2.13,0,2,0
44,0,8885214,8,2,59.05,1,3,1
60,1,7982565,16,2,42.38,1,4,1
22,0,7355874,2,1,24.94,0,2,0
24,0,11358455,13,1,7.06,0,3,1
27,0,1695085,2,0,35.21,0,5,0
28,0,2476576,18,4,24.65,0,3,0
27,0,3443401,16,4,22.17,0,1,0
69,1,3905743,7,4,11.26,1,1,0
20,0,9378047,0,4,30.84,0,0,1
54,0,11807641,17,3,33.15,0,1,0
52,1,6587236,18,2,15.77,1,1,0
49,0,8843479,19,4,27.69,0,3,0
65,0,10839121,12,1,57.81,1,0,1
56,1,2150177,12,2,27.45,0,3,0
55,0,9717177,10,4,7.63,0,4,1
23,1,9061633,0,2,59.04,0,0,0
52,1,8344748,12,4,43.66,1,0,1
45,0,3888772,11,4,46.43,0,2,0
42,0,3114007,8,1,46.27,1,4,1
38,1,2562113,4,4,59.89,0,3,0
39,0,5991261,3,0,36.03,0,5,1
51,1,2424973,10,1,48.27,0,5,0
22,0,9460828,13,1,40.89,0,5,1
20,0,10039448,12,4,52.76,1,2,1
68,0,11122405,1,1,1.29,0,5,0
29,1,4881990,16,2,59.99,1,3,1
52,1,4102625,15,2,13.88,1,0,0
36,1,5396184,19,1,18.87,0,0,0
54,0,10701271,7,3,42.76,1,1,1
54,0,5295156,14,1,53.06,0,4,1
39,1,7795369,18,1,17.41,0,5,1
38,0,5282802,19,0,8.91,0,5,1
53,0,10463350,5,4,49.43,0,4,0
36,1,9567434,10,0,32.47,1,5,1
46,1,11152537,5,4,28.38,0,3,0
70,1,8579411,16,1,6.83,1,3,1
35,0,9675311,13,1,22.02,1,0,1
47,0,3992597,17,3,15.2,0,5,0
69,0,2761380,15,1,56.19,0,0,0
52,1,6571730,6,1,47.98,1,0,1
61,0,6574912,0,2,13.02,0,1,0
39,0,4799244,3,2,26.43,1,2,0
65,0,8008653,19,2,19.05,1,3,1
56,0,3049192,14,4,42.01,0,5,0
68,1,3487910,10,0,56.03,1,0,0
70,1,9169232,20,4,33.7,1,3,1
38,0,11374593,19,1,5.98,0,2,0
45,1,8513408,19,4,25.43,1,2,0
52,0,2292078,20,4,17.09,0,4,1
43,0,4735187,1,1,35.42,1,4,1
57,1,2645941,5,4,54.7,0,4,0
18,1,3116622,19,3,13.85,1,3,1
50,0,7381415,19,3,41.61,0,4,1
45,1,12011179,1,1,41.79,0,1,0
51,1,11255269,6,2,23.84,0,5,1
27,0,4628348,12,4,40.22,0,4,1
45,0,12221959,13,4,44.06,0,2,0
19,1,8459475,11,1,46.01,0,1,1
69,0,2244710,14,1,32.23,1,4,1
21,1,10140740,10,0,7.63,0,2,0
67,1,3228411,18,1,51.34,0,0,0
23,1,6377582,11,3,31.02,0,1,1
32,0,10474467,5,4,47.56,0,0,0
44,0,11377381,3,0,13.96,0,3,0
65,0,12015074,19,2,59.53,0,2,0
64,0,5337293,20,4,25.66,0,4,0
19,0,12552495,5,3,13.58,0,4,0
51,1,5144983,4,0,15.05,0,0,0
26,0,10907503,9,1,28.91,0,3,1
48,1,10835397,7,3,43.19,0,5,1
66,1,6060708,7,0,58.81,0,3,1
51,1,1918151,11,4,49.94,1,3,0
31,0,8621034,0,0,40.28,0,5,1
20,1,1847012,7,1,23.36,0,4,1
55,1,8013933,20,3,48.54,0,5,1
61,1,6680664,5,2,3.45,1,4,0
54,0,4215126,2,0,4.69,1,1,0
20,1,5796861,4,2,6.36,0,2,0
36,1,4417121,15,3,18.28,1,5,0
62,1,6541419,20,1,24.28,0,4,0
63,0,6033872,10,2,43.55,0,1,0
61,1,9629383,14,0,14.35,0,4,0
69,1,8300567,4,0,2.24,0,5,1
22,0,9430235,13,1,54.27,1,1,1
68,1,8727056,7,0,11.16,1,1,0
64,0,7644845,7,0,5.52,1,5,1
27,0,4441224,3,0,8.82,0,3,0
20,0,6994550,2,4,16.05,1,0,0
38,1,2309588,4,0,9.24,0,4,0
47,0,7216640,5,0,37.04,1,0,0
50,0,2462325,7,2,45.47,0,2,0
59,0,9694354,18,2,49.06,0,4,1
70,1,10458225,3,4,8.41,0,1,0
57,0,11606212,15,1,28.81,1,0,0
33,0,7806762,11,0,29.5,0,3,1
37,1,9475868,1,4,20.07,0,1,0
28,1,1720689,9,2,36.85,0,0,0
30,1,4688589,5,0,55.04,0,4,1
18,1,7382140,6,0,59.97,1,4,1
66,1,8375569,3,4,29.96,1,1,0
19,0,10485818,13,3,48.69,0,2,1
27,0,12281822,8,1,1.59,1,5,1
43,1,2141976,20,4,57.77,1,4,1
64,0,8268522,5,0,24.98,0,1,0
65,1,11903012,11,4,56.08,0,1,0
40,1,4721246,2,3,19.35,0,1,0
25,0,6329061,20,2,2.47,1,0,1
35,0,11138498,13,0,43.77,1,5,1
26,0,6939755,11,1,34.73,0,3,1
23,0,7211276,13,2,10.26,0,2,0
45,1,12341565,2,4,52.77,0,3,0
34,1,9395788,11,3,3.93,0,3,1
54,1,10100150,9,0,51.22,1,2,1
36,1,10996782,16,3,50.01,0,1,1
67,1,9992885,12,0,41.72,0,2,0
21,1,3231438,15,0,30.14,1,2,1
64,0,2946483,7,4,12.47,0,5,0
23,1,1799390,18,3,52.31,0,2,0
54,1,5576442,3,4,40.2,0,0,0
64,1,6291364,2,3,49.63,1,2,0
50,0,11571405,9,2,54.02,0,1,0
62,0,6394471,12,3,10.73,0,4,0
32,1,12008153,12,2,36.29,0,2,1
66,0,10980182,16,3,23.62,1,4,1
19,0,12556451,19,2,21.76,0,2,0
64,1,12310871,15,1,49.3,0,2,0
54,1,5576442,3,4,40.2,0,0,0
21,0,5970136,10,1,36.26,0,4,1
52,0,7336646,2,4,46.7,0,2,0
65,1,11903012,11,4,56.08,0,1,0
40,0,7659156,10,1,50.47,0,1,0
29,0,8124926,6,0,48.76,0,5,1
62,0,7473388,3,3,30.68,1,3,1
25,1,5304367,16,0,9.16,0,0,0
25,0,6677337,1,4,4.37,0,2,0
47,1,10531199,4,0,16.1,0,5,0
31,0,4988793,8,3,44.47,0,3,1
50,0,5447889,18,4,26.48,1,1,0
32,0,12151340,18,1,58.03,0,5,1
66,0,4984871,10,0,32.3,0,1,0
41,1,2296548,15,4,39.26,1,4,1
56,0,2461628,16,4,44.93,0,2,0
46,0,11999877,12,4,22.6,1,3,1
40,1,5130614,11,1,3.12,0,3,0
49,1,11601775,19,0,58.12,0,1,0
21,0,10040006,14,0,44.35,1,4,1
64,0,8716381,12,4,53,1,2,1
58,0,9731908,16,2,4.15,0,2,0
53,0,4700997,17,2,13.4,1,1,0
47,1,3488180,12,4,55.58,0,1,0
39,0,4996077,0,4,9.74,0,5,0
37,0,8848680,1,4,27.05,0,4,0
68,1,12194149,15,1,30.61,1,2,1
69,1,6446570,4,2,32.93,0,1,0
19,0,9518507,16,2,23.57,0,1,0
60,0,8853027,2,4,44.87,1,1,0
44,0,4164547,5,4,13.33,0,5,0
22,1,8952444,10,4,59.81,0,5,1
70,1,3710394,4,4,16.59,1,4,0
43,1,11046512,15,4,28.29,0,2,0
63,1,7775744,13,3,55.14,1,1,1
42,0,5984117,9,4,5.57,0,0,0
40,1,4915241,8,4,21.7,1,0,0
45,1,10449127,11,4,2.85,0,3,0
36,1,5055339,1,0,15.37,0,4,0
43,1,4599373,11,3,45.1,0,3,1
62,0,2453119,14,1,39.32,0,5,0
56,0,12414380,16,1,58.39,0,2,0
46,0,2785333,8,3,51.18,1,2,0
25,0,9846493,6,2,48.33,1,5,0
25,0,7003195,14,1,27,1,5,1
32,1,11787019,9,1,21.02,1,2,1
34,0,3803013,11,3,38.28,0,1,0
19,1,10124736,12,3,11.32,1,1,1
50,0,5447889,18,4,26.48,1,1,0
62,0,4950873,3,3,29.01,1,3,0
20,0,3731008,9,2,11.46,1,0,0
52,0,6517828,20,0,43.76,0,1,0
58,1,9190481,14,0,2.05,0,1,0
58,0,2392374,11,2,28.33,0,0,0
30,1,8846507,9,4,5.27,0,5,1
28,0,8874859,16,0,26.49,0,4,1
54,1,5082526,6,4,43.42,0,4,1
19,1,2064370,1,3,14.97,0,5,0
33,0,2749424,0,3,53.69,0,5,0
60,0,2363163,10,2,31.93,1,4,1
68,0,11210010,3,2,10.59,0,1,0
41,1,4502450,15,4,10.42,1,3,1
33,1,11698428,12,2,55.11,1,0,1
34,1,1714123,9,1,54.46,0,0,0
36,1,5396184,19,1,18.87,0,0,0
57,0,3579142,11,0,10.76,0,3,0
67,0,8621922,19,0,11.19,0,3,0
29,0,1811146,14,2,45.47,0,4,1
37,0,10272148,17,3,10.07,1,5,0
34,1,5729790,20,2,46.73,1,1,1
53,0,8470943,10,1,18.55,0,4,0
64,0,3105508,1,3,43.52,0,2,0
22,0,4939142,10,2,45.04,0,2,1
64,1,8440873,20,1,45.22,0,2,0
51,1,11967422,18,3,46.26,0,1,0
39,0,5158953,11,3,50.3,1,1,1
56,1,3364696,0,0,9.36,0,5,0
20,0,2653461,19,2,38.2,0,0,0
40,1,6345627,11,2,2.06,1,1,0
43,0,2158102,0,1,5.3,0,3,0
61,0,12219500,13,4,17.24,1,3,1
68,0,12385006,5,1,32.02,1,4,1
45,1,12461931,13,0,42.43,0,1,0
18,0,2828900,9,1,14.72,0,3,0
28,1,9962404,19,3,56.17,0,5,1
70,1,3425432,3,3,51.07,0,5,0
26,1,7123698,7,4,48.11,0,1,1
61,0,9931937,20,3,29.55,0,4,0
69,0,2310285,6,1,39.46,0,5,0
34,0,11219828,4,3,1.07,0,2,0
56,1,8035270,7,0,31.28,0,2,0
21,1,5766683,17,2,32.93,1,4,1
25,1,6402537,10,0,19.04,0,0,0
47,0,9096037,16,4,44.04,0,4,1
32,1,6474446,14,0,8.35,1,1,1
53,1,4305800,2,1,13.88,0,3,0
18,0,8091618,6,4,38.92,0,4,1
34,0,3139536,3,1,10.66,0,5,0
69,1,11260773,0,1,26.77,0,4,0
26,0,6523715,1,2,27.41,1,1,1
48,0,10829881,4,4,53.76,0,2,0
20,0,10683177,20,1,30.5,0,3,1
28,0,2308137,11,1,45.98,1,0,1
22,1,10482850,0,0,4.23,0,0,0
39,1,5962092,19,3,28.97,0,1,0
26,1,10782437,3,4,7.07,0,1,0
41,0,11749511,18,3,32.81,0,3,1
38,0,4138698,8,3,49.25,0,0,0
48,1,8619492,3,2,25.02,0,0,0
69,0,8682568,3,0,40.67,0,5,0
19,0,4613133,17,4,27.8,0,2,1
18,0,3116472,5,1,51.41,1,5,1
55,1,5531013,3,2,38.1,1,3,1
50,0,9727797,10,4,53.81,0,4,1
28,1,9270629,6,1,42.83,0,4,1
64,0,6091216,15,3,55.61,1,4,1
63,0,6421963,17,0,59.62,0,1,0
44,1,7621368,15,0,46.44,0,5,1
23,1,5709146,18,0,40.56,0,4,1
63,0,1975492,8,0,49.01,0,2,0
39,1,1863958,3,0,37.36,0,4,0
68,1,11567842,4,0,41.78,0,3,0
22,0,5868026,19,1,3.79,1,0,1
20,1,10073917,12,0,12.6,0,3,1
26,1,12102053,18,0,7.19,0,1,0
18,0,3883698,19,0,32.66,0,5,1
58,0,5260732,7,3,43.18,0,2,0
27,0,4781425,3,1,50.37,0,0,0
50,0,3914972,13,1,9.22,0,2,0
64,1,5021299,12,0,20.7,0,0,0
37,0,7116713,2,4,8.54,0,2,0
42,0,8104121,13,1,56.92,0,4,1
53,1,7000108,17,1,29.72,0,5,0
39,1,5669857,19,1,26.85,0,3,1
18,1,4571584,13,4,4.27,1,2,1
62,0,10266870,12,0,20.02,0,3,0
26,0,8706249,17,1,12.22,1,3,1
42,1,8413355,7,3,55.32,1,3,1
22,1,9638704,16,3,38.04,0,0,1
30,1,5985206,2,4,29.54,0,3,0
53,0,11584213,16,0,41.23,0,4,1
23,0,7434776,17,2,57.82,1,4,1
39,0,9654815,9,2,2.67,1,1,1
23,0,1887623,10,2,31.84,0,3,1
58,0,1811673,7,3,7.81,0,1,0
59,1,4370309,19,1,25.94,1,2,0
31,1,10447809,5,1,14.59,1,2,0
69,1,4490396,5,3,47.05,0,0,0
53,0,11727786,6,1,48.72,0,2,0
41,1,9607240,12,3,6.64,1,3,1
25,1,10654507,15,2,56.51,0,2,1
50,0,12542707,13,4,12.5,1,4,1
58,1,1693773,5,1,31.69,1,1,0
41,1,2558645,2,2,36.26,0,3,0
65,1,8604515,16,0,1.85,1,0,0
51,0,12117778,20,3,15.95,1,3,1
48,1,9420173,2,0,45.11,1,0,0
69,0,7072588,9,4,48.33,1,2,1
30,1,9775686,12,4,49.27,1,2,1
50,1,7391027,17,4,2.46,0,5,0
44,1,6371053,19,0,12.24,1,5,1
41,0,5135979,11,4,40.37,0,5,1
68,0,8394055,7,2,45.99,0,5,1
52,1,11981803,15,1,12.37,1,5,1
49,1,7324216,13,0,24.03,1,3,1
35,1,11125476,4,3,59.52,0,3,1
20,0,8215952,6,4,7.61,0,3,1
41,1,6525071,1,2,52.22,0,3,0
40,1,10253209,11,4,37.7,1,0,1
49,1,5951916,12,4,25.72,0,4,0
70,1,2554045,16,4,1.23,1,5,0
19,1,11131135,20,3,25.89,1,5,1
23,0,11946252,6,4,48.6,0,5,1
41,1,5495486,0,1,50.13,1,0,0
35,0,7554086,11,1,38.53,0,2,0
22,1,4915507,16,2,23.87,0,2,0
56,0,5187643,20,2,53.11,0,2,0
19,0,4193652,20,2,6.82,0,2,0
28,1,5575440,8,1,14.41,1,0,1
68,0,6249501,8,4,8.39,0,4,0
48,1,11691982,8,0,6.34,0,5,0
19,1,8401557,11,0,54.84,1,0,1
28,0,2386780,4,0,15.38,0,3,0
26,0,1803610,9,3,19.58,1,5,1
32,1,4036733,16,0,49.2,1,2,1
31,0,8624366,5,3,34.38,0,3,1
63,0,10409838,10,1,1.58,0,3,0
40,0,4130342,1,4,6.12,0,2,0
58,1,8708923,10,3,20.24,1,4,1
38,1,4844412,5,1,50.68,0,4,1
65,0,2431573,10,2,18.17,1,0,0
56,1,5485853,1,1,42.77,0,3,0
27,0,2797808,5,3,22.44,0,5,0
42,1,10116684,20,4,27.33,0,3,0
59,1,9248801,12,0,26.14,0,2,0
31,1,12063094,9,1,5.33,0,4,0
62,0,6693172,0,1,31.26,1,2,0
68,1,10800786,15,0,35.7,0,3,1
23,0,6724263,16,3,18.67,1,5,1
25,1,3689538,14,4,51.74,1,4,1
52,0,9403958,11,4,48.23,1,3,1
47,1,4923483,6,0,47.64,0,5,0
49,0,2791010,14,1,3.38,1,1,1
36,0,10720500,10,1,53.36,0,1,1
68,1,11579673,4,2,40.67,0,3,0
26,0,9232903,4,0,34.79,0,2,0
61,0,9931937,20,3,29.55,0,4,0
35,1,7506454,15,2,1.62,0,2,0
24,1,10641147,6,1,16.81,0,4,1
67,1,3228411,18,1,51.34,0,0,0
34,1,8627295,12,3,57.28,1,5,1
30,0,7195284,5,3,10.65,0,5,0
36,1,11393074,15,3,23.65,0,5,1
64,1,5341685,18,1,23.78,1,4,1
27,1,2732529,19,1,19.97,1,3,1
34,0,1736073,15,3,25.41,1,4,1
20,1,12428685,15,4,21.15,1,2,1
28,1,1720689,9,2,36.85,0,0,0
69,1,6251187,3,1,21.94,0,2,0
42,1,10336258,6,0,49.27,0,1,0
50,1,4126827,13,3,32.59,0,2,0
69,0,2693853,14,1,9.47,0,1,0
59,0,4285102,12,1,40.67,1,0,1
65,0,6165492,13,1,55.87,0,3,1
29,0,9331217,10,3,7.33,1,2,1
46,0,7919038,6,4,45.64,1,5,1
62,0,8209174,9,2,27.76,0,1,0
38,1,7938208,19,1,43.91,0,0,1
47,0,6593905,7,3,5.66,1,5,1
23,0,4318902,1,1,9.84,1,0,0
37,0,10285549,5,3,21.34,0,5,0
52,0,2169139,9,4,2.02,1,0,0
50,0,8410268,0,1,24.71,0,3,1
48,0,2970462,10,1,53.04,0,3,0
51,1,7192574,7,2,8.05,0,5,0
66,1,6471662,3,4,51.09,1,2,0
33,1,2791003,13,4,39.85,0,1,0
69,0,7038573,15,1,28.35,1,5,0
50,0,7051994,2,2,44.24,0,2,0
22,0,10346473,14,3,2.09,0,4,1
30,0,4874713,5,0,20.81,0,2,0
50,0,11419934,3,1,36.51,0,1,0
65,1,10465353,11,1,14.46,0,3,0
61,1,3338123,5,0,19.11,1,3,0
70,0,10025752,4,3,45.36,0,5,0
47,1,5189545,12,4,8.7,1,4,1
38,1,3501043,9,3,57.63,0,4,1
59,0,5830714,14,4,57.93,0,0,0
59,0,2072091,4,3,45.11,0,2,0
41,1,8633098,6,2,2.13,1,5,1
24,1,5816243,16,4,11,0,2,0
45,0,10306229,16,1,38.3,0,5,1
50,1,2045842,3,3,56.16,0,5,0
43,1,5781257,14,2,37.57,1,3,1
60,0,9394588,15,4,9.57,0,0,0
51,0,4145767,1,0,29.72,1,1,0
64,1,9764856,8,3,50.63,1,3,1
31,1,2876606,7,1,16.36,0,3,0
55,0,6225191,12,1,7.29,0,5,0
64,1,4637609,0,2,56.05,0,5,1
32,0,7343459,13,4,26.82,0,5,1
45,0,9471814,3,3,24.13,0,0,0
26,0,6368060,2,0,16.88,1,2,0
22,0,10211435,2,3,7.81,0,5,0
64,0,1889932,3,3,58.51,0,3,0
69,1,6251187,3,1,21.94,0,2,0
52,0,6743903,4,1,52.55,1,5,1
20,0,6994550,2,4,16.05,1,0,0
61,0,3700132,18,0,55.75,0,0,0
54,1,8845143,11,3,9.43,0,1,0
64,1,7108901,2,2,34.03,0,1,0
65,1,5632256,12,1,41.7,0,1,0
23,0,9007188,10,4,32.34,0,0,1
18,0,3999694,15,0,7.27,1,5,1
19,0,11532745,12,4,7.49,0,3,1
20,1,10244973,17,4,38.46,0,3,1
36,0,4169847,19,4,35.82,0,2,0
45,1,12199804,16,3,34.37,0,0,0
20,1,11259199,10,3,31.69,0,4,1
41,1,5377156,18,0,16.15,1,0,0
46,1,9101401,8,3,18.26,1,0,1
34,1,11284591,15,3,19.72,0,3,1
41,0,2390610,2,2,13.81,0,5,0
36,0,5729141,19,2,1.56,1,3,1
24,1,6454782,15,2,39.96,0,0,1
51,0,2924184,14,2,29.3,0,0,0
22,1,8807292,6,0,27.39,0,3,1
55,1,10679835,16,1,47.92,1,1,0
53,0,1739088,11,1,23.98,1,5,0
24,0,8238823,11,2,37.69,0,5,1
69,0,10592923,1,2,4.22,0,0,0
62,0,2103862,13,3,26.6,0,3,0
18,1,10755726,10,3,31.98,0,0,1
50,1,3317869,6,0,13.85,0,2,0
32,1,12105045,18,0,36.53,0,3,1
60,1,10300997,20,4,36.57,0,4,1
45,1,10125955,12,1,17.93,1,5,1
26,0,1777641,12,1,15.43,0,5,0
47,1,4597292,9,3,53.36,1,4,1
57,1,4563179,12,2,45.67,0,4,0
27,0,2797808,5,3,22.44,0,5,0
49,0,4835673,7,3,19.67,0,5,0
55,1,6448155,3,4,31.5,0,0,0
54,0,10289590,2,1,51.95,1,1,0
52,0,2406407,16,3,47.55,0,5,0
57,1,2645941,5,4,54.7,0,4,0
49,1,5951916,12,4,25.72,0,4,0
58,1,6868872,14,2,55.26,0,0,0
41,1,2312987,14,4,7.88,0,2,0
57,1,4243382,12,3,26.22,0,5,0
48,0,5137997,13,1,24.81,0,3,0
29,0,11714302,11,0,34.93,0,4,1
54,1,3978529,15,1,53.27,1,4,1
18,0,12386712,6,0,52.67,0,5,1
60,1,11026819,12,1,36.54,1,3,1
54,0,7845368,2,2,17.01,0,2,0
21,0,7094920,14,0,38.12,0,5,1
56,0,5109660,2,0,42.11,0,4,0
66,1,7610904,7,2,50.89,0,5,1
35,1,4514471,18,0,24.4,0,3,1
64,1,10195635,18,3,36.72,1,4,1
54,1,9836235,3,2,19.04,1,4,0
27,1,4641026,10,2,16.84,0,0,0
24,0,8487887,16,1,16,1,0,1
64,0,5393815,12,0,19.61,0,5,0
66,0,10410575,7,4,52.24,0,0,0
18,1,7979135,5,0,30.99,1,2,1
47,0,7990260,19,0,27.93,0,5,0
20,0,10854012,11,2,56.49,0,0,1
31,0,3003751,20,1,14.16,1,0,0
44,1,12298689,13,0,16.03,1,2,0
63,0,10409838,10,1,1.58,0,3,0
60,1,8368316,19,3,22.59,0,5,0
36,1,1726619,13,3,28.83,0,0,0
42,1,11909185,15,4,49.21,0,1,0
55,0,3840939,3,2,43.18,0,1,0
19,0,8953944,19,4,1.23,1,5,1
22,1,2137636,2,3,43.64,1,4,1
61,1,9985500,4,0,19.63,0,0,0
47,0,7142563,7,3,18,0,0,0
65,0,4726880,11,2,36.67,0,4,1
23,1,3816224,3,3,33.41,0,3,0
41,0,7097129,15,0,2.72,0,3,0
45,0,2604378,16,2,55.35,0,2,0
39,1,4518232,8,3,23.54,0,2,0
29,1,9259467,19,1,20.53,1,3,1
21,0,4922905,17,0,3.24,1,5,1
61,1,3961946,3,3,47.77,1,2,0
70,1,5698546,2,0,47.12,0,2,0
54,1,8112006,10,0,42.64,0,3,1
47,0,3992597,17,3,15.2,0,5,0
64,0,3230214,17,3,6.39,1,1,0
42,0,6256646,19,4,4.81,1,1,0
48,0,5137997,13,1,24.81,0,3,0
25,0,3853737,20,4,41.71,0,1,0
61,1,2829209,6,0,27.85,0,2,0
63,1,10955206,1,0,7.11,1,4,0
32,1,7459441,9,3,31.75,0,5,1
56,0,2079759,7,2,22.25,0,4,0
49,1,8247635,14,4,31.37,1,5,1
41,1,9456193,5,3,6.89,1,1,0
33,1,7765555,8,3,40.65,1,0,1
21,1,10334965,11,3,3.46,0,1,0
38,1,10893891,14,1,41.53,0,4,1
35,0,8951597,8,4,54.56,1,1,1
53,0,12071072,0,3,8.34,0,1,0
49,1,6238234,13,1,56.13,1,5,1
19,0,10143640,20,4,17.14,0,0,0
52,1,12119014,9,4,8.71,0,5,0
55,0,2156346,15,2,23.93,0,3,0
22,0,5847298,2,4,13.13,0,1,0
43,1,10055849,10,1,31.62,0,5,1
22,1,9849340,18,4,42.65,1,1,1
68,1,9901536,13,1,47.28,0,2,0
59,0,11665835,13,3,21.16,1,1,0
46,1,2683773,16,0,15.33,1,1,1
53,1,12418028,10,3,22.24,0,0,0
37,0,4056970,14,1,40.65,1,3,1
62,0,10266870,12,0,20.02,0,3,0
70,1,2928461,18,1,23.38,0,0,0
67,1,11419553,20,2,11.23,1,4,1
30,0,4296866,17,1,27.74,1,0,1
45,0,5991336,9,4,27.4,0,3,0
70,1,4431832,1,1,11.82,1,3,0
46,1,6000424,18,1,36.36,1,3,1
66,1,3361262,4,1,52.42,0,1,0
46,1,9910671,6,1,1.24,0,2,0
21,0,4998873,10,1,12.09,0,0,0
55,0,5913294,14,1,36.46,1,5,1
31,0,8130301,15,4,37.03,0,1,1
39,0,11919190,3,3,13.42,0,1,0
49,1,11601775,19,0,58.12,0,1,0
49,0,2857939,9,3,6.3,0,2,0
58,0,11320693,12,0,33.38,0,3,1
31,1,4018925,5,3,40.88,1,2,1
47,1,12186631,2,0,12.15,0,0,0
25,1,8121760,5,1,37.82,0,0,0
45,1,3876020,9,2,27.36,0,0,0
41,1,9402717,18,0,12.18,1,3,1
42,1,5759787,12,3,23.4,1,5,1
20,1,10328987,10,3,48.14,0,2,1
41,1,5377156,18,0,16.15,1,0,0
32,1,3661044,12,4,40.33,1,5,1
61,1,6982966,8,3,20.34,1,3,1
66,0,5873659,7,1,14.8,0,3,0
65,0,10426575,14,3,59.69,0,5,1
62,1,7273858,6,2,58.72,1,1,1
36,0,2328623,1,0,22.33,0,0,0
28,1,7644070,20,2,47.96,1,3,1
42,0,6276291,15,3,21.37,0,2,0
25,1,11860475,0,4,18.04,0,1,0
22,1,5831780,20,2,22.85,1,0,1
68,0,4372712,2,0,59.02,0,3,0
66,1,11847694,0,1,1.13,0,3,0
28,0,12056959,0,4,25.58,0,3,0
25,0,8379164,4,2,13.39,0,4,0
54,0,7273999,10,0,12.74,0,2,0
39,0,12055258,19,1,5.72,1,5,1
43,0,12112821,5,4,38.39,0,4,0
56,1,5832932,17,0,11.07,0,0,0
65,0,11789077,18,2,39.96,0,4,1
24,1,12272478,13,4,39.59,1,1,0
18,1,9390805,5,2,31.03,1,3,0
56,1,9102666,20,2,29.53,0,1,0
62,0,7007420,0,4,41.68,0,4,0
68,0,10453001,5,3,38.16,0,4,0
37,1,9343101,18,0,31.78,0,4,1
67,0,3368722,16,4,51.18,0,5,1
24,1,6950654,13,0,35.99,1,3,1
34,0,1811087,0,4,16.76,1,5,0
26,1,8265163,7,2,37.06,0,0,1
46,1,2890284,12,1,11.88,1,1,0
38,1,1960698,12,3,51.64,0,5,1
18,1,9390805,5,2,31.03,1,3,0
34,1,12330727,2,3,11.46,0,4,0
66,0,10710128,14,4,26.18,0,5,0
47,1,12249132,14,2,18.13,0,3,1
33,1,4509251,10,3,8.42,0,1,0
30,0,9068756,0,0,59.56,1,4,1
65,1,2426124,1,0,1.17,0,1,0
62,1,7308859,7,0,21.13,0,3,0
40,1,10709990,2,0,35.55,0,0,0
28,0,5456159,17,1,21.52,0,1,0
30,1,11033826,1,4,8.41,0,0,0
43,0,6393839,10,1,39.71,0,1,1
19,1,11820130,17,1,41.43,0,5,1
40,1,6075758,9,2,30.45,1,0,1
42,1,2999806,10,4,5.15,1,0,0
24,1,3864778,11,1,42.33,0,1,0
63,0,6690914,7,2,44.78,0,4,1
39,1,4694609,17,4,33.42,1,0,0
19,1,4389735,4,3,35.86,1,4,0
27,1,12568718,16,3,48.04,0,3,1
30,0,12387084,7,3,41.22,0,2,1
57,0,11010372,20,3,31.17,1,1,1
63,1,12121035,20,4,52.21,1,0,1
66,0,6164679,10,4,47.55,0,4,1
42,0,4089277,13,4,53.05,0,0,0
33,1,10464247,4,4,22.29,1,3,1
51,0,8265222,4,0,22.04,0,2,0
28,1,8259217,16,4,41.42,0,0,1
27,0,7369950,11,3,17.75,0,1,0
70,1,6485757,7,3,25.87,0,5,0
30,0,7326151,12,3,6.62,0,4,1
60,0,10729421,17,0,44.68,0,4,1
39,0,11303919,3,3,40.49,1,5,1
18,1,11659927,15,2,21.58,1,4,1
23,1,3816224,3,3,33.41,0,3,0
37,1,6083700,2,2,10.38,0,4,1
66,1,3919901,14,3,19.03,0,3,1
56,1,6076924,16,2,5.42,0,2,0
22,0,2931530,15,0,25.01,0,3,0
65,0,10438648,16,2,21.75,0,5,0
26,0,11604333,12,4,54.46,0,1,1
53,0,9076314,11,3,18.38,1,4,1
49,0,1814371,3,0,8.51,0,3,0
61,1,7580953,7,1,57.69,0,3,1
20,0,12021593,14,4,39.75,0,4,1
60,0,4711346,12,2,52.79,0,0,0
47,0,11989379,3,3,25.45,1,2,1
67,1,8201653,11,2,52.37,0,5,1
70,1,5011008,2,0,46.62,0,4,0
68,1,5093915,0,2,58.17,1,4,1
61,0,6029809,11,2,6.72,0,5,0
18,0,5014212,14,0,44.33,1,1,1
46,1,11237950,14,2,24.6,1,1,0
19,0,12233736,10,0,37.72,0,0,1
22,1,8364321,17,0,14.04,0,5,1
49,0,12225996,7,4,7.21,0,4,0
45,1,6705098,8,4,28.55,0,4,0
22,1,2224446,6,0,17.47,0,2,0
67,1,1769800,3,1,48.49,0,4,1
41,1,2312987,14,4,7.88,0,2,0
29,1,2204878,10,0,14.01,1,1,0
70,0,2504116,14,3,44.85,0,3,0
65,1,6833247,20,0,45.27,0,2,0
37,0,8840022,3,1,53.34,0,2,0
29,1,10752195,12,0,42.26,0,4,1
58,0,5446593,17,4,57.35,0,4,1
56,1,2089032,14,3,34.29,1,1,0
52,1,10020981,6,2,54.46,0,4,1
35,1,5584004,5,4,16.42,0,0,0
20,1,8372159,1,1,49.43,0,1,1
50,0,6244487,13,1,52.1,0,2,0
54,1,2545604,10,1,5.67,1,4,0
46,0,5727265,4,1,48.64,1,5,1
35,0,4289292,11,3,59,1,3,1
64,0,1936504,4,0,47.13,0,0,0
44,0,3074474,11,0,25.21,0,1,0
23,0,10645934,15,1,17.18,0,1,0
34,0,2570910,19,3,38.48,0,5,1
45,1,1953948,19,4,12.84,1,3,0
54,1,2109642,20,2,57.35,0,3,0
26,0,9020544,19,1,39.9,1,1,1
28,0,3282878,10,1,36.97,0,4,1
21,0,6821091,11,4,6.7,0,2,0
36,1,3769950,19,0,47.61,0,1,0
69,0,2693853,14,1,9.47,0,1,0
31,1,3198654,19,4,27.93,0,5,0
41,1,2558645,2,2,36.26,0,3,0
54,0,5694521,17,3,59.32,0,1,0
69,0,10592923,1,2,4.22,0,0,0
51,1,10499675,7,1,15.89,0,3,0
27,0,5477941,19,2,56.72,1,5,1
41,1,4174664,14,2,30.39,1,2,0
57,0,9707659,7,4,2.7,0,5,0
43,0,10862138,14,0,32.23,1,3,1
55,1,7232777,15,4,7.26,0,4,0
32,1,8823530,6,1,36.33,1,0,1
37,0,6292449,15,3,3.91,0,0,0
64,0,7803905,19,3,31.04,0,3,1
69,0,1816592,4,2,18.52,1,2,0
21,0,12133414,19,0,35.55,1,4,1
40,0,12232739,15,4,17.81,0,3,0
68,0,7169407,5,4,27.5,0,5,0
46,1,8756457,8,4,28.62,1,4,1
50,0,4501458,7,4,54.04,1,5,1
34,1,3902805,19,4,58.99,1,4,1
22,0,6954667,2,3,43.37,0,3,1
56,1,9679374,1,1,35.2,1,5,1
60,0,7057878,4,4,23.2,0,2,0
50,0,4320308,11,0,40.02,0,0,0
66,1,4069807,10,1,1.93,0,3,0
70,1,8908474,1,0,53.32,1,5,1
46,0,8057383,20,3,16.3,0,0,1
41,1,9128743,8,1,37.7,0,0,0
50,0,12162802,10,4,36.84,1,5,1
23,0,10886171,14,3,39.14,0,4,1
49,1,1780841,11,0,18.67,0,3,0
58,1,8313374,18,0,41.86,0,0,0
53,0,8338692,3,2,54.79,1,0,0
67,1,9273695,17,0,43.11,0,1,0
33,0,5105476,9,3,19.56,0,3,1
45,1,6883031,14,0,2.39,0,5,0
40,1,9263349,20,2,25.07,1,4,1
62,1,6691191,16,4,19.88,0,2,0
50,1,12186172,14,1,21.39,1,0,0
52,0,4826513,4,1,5.53,1,2,0
34,0,9184455,11,3,25.41,1,3,1
68,0,12373906,11,4,34.9,0,2,0
59,1,8623166,9,0,21.62,0,5,0
31,0,10797013,12,3,33.44,0,2,1
23,1,6928098,5,1,43.92,0,0,0
66,0,7727551,14,0,5.53,0,4,0
44,0,5714957,9,0,33.98,1,2,1
45,0,6564684,20,2,25.12,1,1,0
31,0,6455417,10,3,16.57,0,1,0
36,1,6282622,18,2,19.62,0,3,1
50,0,4146819,14,4,59.89,1,5,1
42,0,2177188,10,0,22.79,1,4,0
66,0,3636496,3,2,51.85,0,3,0
46,1,10346618,16,4,4.55,0,0,0
63,1,4402422,1,4,37.51,0,3,0
55,1,6550999,4,0,21.12,1,1,0
32,0,5059870,18,3,7.27,1,3,1
68,0,9358828,15,3,19.08,1,5,1
24,1,12536474,8,2,1.7,0,0,0
57,1,9879132,10,0,30.94,0,4,1
69,0,2761380,15,1,56.19,0,0,0
24,0,11858136,8,4,19.27,1,3,1
60,1,6402001,4,1,5.11,0,3,0
40,0,7659156,10,1,50.47,0,1,0
35,1,8734127,1,3,16.25,1,5,1
28,1,6637499,11,4,51.91,1,1,0
66,1,4069807,10,1,1.93,0,3,0
20,0,5735977,19,2,13.52,0,2,0
34,0,7708719,15,4,22.23,1,1,1
57,1,6443989,3,1,11.28,0,2,0
20,0,6949881,14,2,5.09,0,4,1
32,1,2136835,15,3,28.67,0,1,0
41,1,5495486,0,1,50.13,1,0,0
68,0,12373906,11,4,34.9,0,2,0
42,0,4535125,18,3,1.04,1,2,0
44,0,4164547,5,4,13.33,0,5,0
21,1,10334965,11,3,3.46,0,1,0
41,0,2271953,8,0,4.88,0,0,0
40,0,9580080,7,3,30.52,1,5,1
52,0,8896868,8,0,54.79,0,4,1
44,0,10132966,7,2,41.35,0,3,1
34,1,4797623,20,2,54.3,0,4,1
65,1,7316615,7,0,7.5,0,3,0
63,1,12388386,18,2,51.45,0,4,1
51,0,4158324,8,3,55.15,0,5,0
69,1,5329689,16,2,56.78,1,3,1
29,1,12102650,8,0,9.5,1,2,1
38,0,1835230,0,4,20.84,0,4,0
23,1,7596706,8,0,15.12,1,1,1
28,0,5027006,6,1,51.67,1,3,1
67,0,2781763,14,1,30.56,0,4,0
66,0,2834803,3,3,54.27,0,0,1
33,1,10875936,16,0,17.48,0,5,1
45,0,6968733,2,3,13.2,1,0,0
37,1,3135734,10,3,35.11,0,5,1
35,0,8207732,1,2,37.98,1,2,1
47,0,5370682,12,0,50.56,0,5,1
69,1,8032826,8,0,57.74,0,4,1
29,1,4292894,16,1,35.7,0,0,1
43,1,3923768,10,3,37.21,1,1,0
42,1,8695092,5,2,32.14,1,3,1
37,1,9475868,1,4,20.07,0,1,0
26,0,10331817,11,0,16.21,0,5,1
52,1,11214110,15,4,44.02,1,2,1
26,1,4458348,14,1,48.74,1,3,1
47,1,4137996,13,4,1.29,0,4,0
29,1,2204878,10,0,14.01,1,1,0
67,1,8599294,8,2,34.42,1,5,1
42,1,3809758,3,0,51.45,0,3,0
42,0,2177188,10,0,22.79,1,4,0
46,1,4374403,10,0,36.05,0,5,1
49,0,5583831,0,0,46.03,0,2,0
22,0,10211435,2,3,7.81,0,5,0
19,1,3587101,0,4,35.71,0,3,0
58,1,8313374,18,0,41.86,0,0,0
41,0,10855852,12,3,40.7,0,1,0
52,0,10867442,13,0,23.59,0,5,0
51,0,2360631,13,3,26.98,0,1,0
37,0,3828149,0,3,31.87,0,0,0
44,0,5493338,17,2,18.08,0,1,0
38,0,7339843,0,4,43.6,1,2,1
25,0,10259255,10,2,52.5,0,5,1
66,0,10033425,9,3,42.37,0,5,1
57,1,2645988,7,3,5.46,0,1,0
66,1,9874381,10,0,11.16,0,4,0
62,0,8892979,14,2,48.21,0,3,1
29,1,10283720,12,2,18.13,0,5,1
49,0,7000726,15,3,37.45,0,0,0
40,1,8304472,15,4,30.82,1,1,1
50,1,8039462,12,0,52.93,0,5,1
62,0,6693172,0,1,31.26,1,2,0
46,1,11237950,14,2,24.6,1,1,0
69,0,4761763,16,1,56.53,1,2,1
63,0,7188087,18,0,11.66,0,1,0
46,0,12427252,19,2,32.59,0,4,1
61,1,7164466,9,1,28.6,0,3,0
54,1,2373545,14,3,38.66,1,4,1
40,0,4130342,1,4,6.12,0,2,0
54,1,9836235,3,2,19.04,1,4,0
30,1,11083064,19,3,19.28,1,4,1
61,1,10617850,9,1,37.35,0,4,1
32,0,5123599,11,4,17.71,0,3,1
52,1,11354955,4,1,31.33,0,1,0
55,1,8440888,6,4,9.13,1,3,1
30,0,4009156,4,0,6.8,0,4,0
56,0,5740645,12,4,14.97,0,5,0
38,0,7489573,5,2,9.82,0,3,0
46,0,4623688,5,4,45.42,1,1,0
64,1,5222351,2,0,41.94,0,0,0
50,1,3736638,17,1,20.22,0,5,1
68,1,11017639,7,3,19.5,1,2,0
52,0,8790671,15,4,33.68,0,2,0
68,0,2432114,13,1,36.6,1,2,0
51,0,7521107,8,1,7.46,1,4,1
53,1,4985036,4,4,34.33,1,3,1
21,0,2362766,16,2,38.59,0,3,1
27,1,8498563,9,0,50.26,1,2,1
41,1,6874024,7,2,45.8,0,2,0
56,0,10387036,9,1,3.92,1,1,0
45,0,12525364,7,3,59.96,0,1,0
19,0,2895989,13,1,39.7,1,2,1
64,1,7558122,4,4,9.72,0,4,0
45,0,10962198,17,1,6.93,1,2,0
47,0,4418304,13,0,11.49,1,5,1
66,1,6471662,3,4,51.09,1,2,0
49,0,5909605,15,3,32.69,1,5,1
70,1,12128109,11,4,46.72,0,2,0
40,1,5004901,2,0,16.78,1,2,0
57,1,8670354,1,1,2.47,0,2,0
45,1,2832172,15,4,58.88,0,1,0
38,1,9346176,15,4,22.21,1,2,1
49,1,7922053,6,3,6.96,1,1,0
50,1,3303890,5,4,4.64,1,3,0
47,1,4869923,1,4,8.99,0,4,0
53,1,11393555,3,2,43.74,0,1,0
21,1,9675687,17,4,42.84,0,0,0
62,0,12412662,5,0,20.08,1,4,0
27,1,4898927,11,2,17.94,1,2,1
53,1,7605299,16,1,19.36,1,2,0
69,1,8072835,17,3,33.28,0,3,1
34,1,12199929,2,4,51.06,0,3,1
38,0,3207153,1,4,10.41,1,0,0
30,0,1870558,12,2,46.38,1,3,1
44,0,10998714,17,1,34.12,1,4,1
22,0,5847298,2,4,13.13,0,1,0
60,0,8853027,2,4,44.87,1,1,0
22,0,11897099,17,2,41.6,1,1,1
57,0,4670080,8,1,30.94,1,3,1
64,1,6224521,15,1,58.78,1,5,1
18,1,4609643,18,4,32.72,0,4,1
31,1,6927195,1,0,35.89,1,1,1
36,0,7369834,14,1,37.4,0,1,1
69,1,6290482,20,0,17.88,0,0,0
60,1,7369798,7,0,37.61,1,5,1
50,1,2016836,11,2,22.41,0,5,0
18,0,5700067,2,0,51.94,0,1,0
46,1,5021952,18,2,4,0,3,0
25,1,11499331,10,2,11.72,0,4,1
70,0,11044715,5,3,1.94,0,2,0
45,0,6126721,3,1,23.34,0,3,0
20,0,6149485,19,3,57.9,1,5,1
68,0,2432114,13,1,36.6,1,2,0
29,0,6508720,10,1,56.03,0,3,0
66,1,4742236,13,3,30.96,0,3,1
54,0,10232912,10,1,48.52,0,3,1
69,0,9739683,9,4,1.09,0,2,0
60,0,9394588,15,4,9.57,0,0,0
24,1,6410906,4,3,22.77,1,3,1
61,0,4948310,12,2,37.72,1,1,1
35,0,11569409,13,1,43.44,0,5,1
47,0,10349945,6,0,36.63,0,0,0
66,0,9633429,17,3,10.08,0,4,0
51,0,4145767,1,0,29.72,1,1,0
70,0,7500115,7,2,38.14,0,3,1
57,1,10710335,16,2,41.34,1,3,1
48,1,7579913,20,4,44.35,0,5,1
20,0,8923269,17,3,4,0,4,1
29,1,1806760,3,0,33.85,0,2,0
58,1,6961975,14,2,12.85,0,4,0
52,0,3876584,7,1,38.35,0,4,0
70,0,8980375,4,3,42.44,1,2,0
33,0,11956524,3,1,23.64,0,0,0
57,1,3395401,10,3,56.26,0,2,0
50,0,7797764,0,4,4.73,0,2,0
18,0,8311703,10,1,16.26,0,3,1
40,1,6419861,6,1,53.88,0,4,0
67,1,9273695,17,0,43.11,0,1,0
23,1,6849924,8,0,31.95,1,1,1
41,1,2358618,10,2,25.07,0,0,0
22,1,4966858,12,1,30.12,0,3,1
19,0,1764579,20,0,12.68,0,4,0
31,1,7721930,8,3,15.01,0,3,1
68,0,6742127,14,2,19.08,0,3,0
69,1,2348539,18,4,4.37,0,0,0
60,0,11394831,1,3,46.11,1,3,1
29,0,6376470,17,2,2.62,0,4,1
62,0,5897510,16,0,39.09,0,5,1
42,1,11180058,15,4,5.76,0,5,0
55,0,8497579,14,2,39.35,1,5,1
33,1,8819622,19,0,36.86,1,0,1
54,1,2575780,18,1,28.01,1,2,0
22,1,9566262,2,0,18.66,0,1,0
29,0,9471595,20,4,53.44,0,4,1
35,1,8173970,14,2,40.06,0,1,1
24,0,10528523,11,4,19.45,0,4,1
39,0,2871455,17,3,27.13,0,5,0
49,0,8040764,18,0,21.86,1,2,1
32,1,3020495,11,1,43.85,0,4,1
55,0,6878595,6,1,56.94,1,4,1
68,0,6742127,14,2,19.08,0,3,0
21,1,10140740,10,0,7.63,0,2,0
28,1,11862532,0,1,17.35,0,1,0
41,0,9789839,19,2,32.16,0,1,0
22,0,4684372,9,4,54.28,1,1,1
19,0,2190318,0,2,53.59,0,4,0
18,1,6978483,20,3,2.28,0,1,0
30,0,6011824,20,1,38.68,0,5,1
63,0,6033872,10,2,43.55,0,1,0
34,1,1714123,9,1,54.46,0,0,0
34,1,8785299,14,1,29,0,1,0
39,1,5460792,13,0,34.59,0,5,1
67,1,2415689,18,2,17.63,0,1,1
40,1,4815645,7,4,12.21,0,0,0
63,0,11251128,16,2,37.31,1,0,1
50,0,4417925,13,0,25.35,1,4,1
